id,name,duration,artist_id,artist_name,album_id,album_name,releasedate,lang,vocalinstrumental,gender,acousticelectric,speed,genres,instruments,vartags,rate_downloads_total,rate_listened_total,playlisted,favorited,likes,dislikes,avgnote
1000957,Key to Success - Discover the Possibility,170,375935,Akashic Records,117782,Corporate Presentation - Key To Success,2013-01-20,,instrumental,neutral,electric,medium,"corporate, filmscore, poprock","guitar, strings","motivational, happy, film",136505,598523,1999,843,27,1,8.2857
1009673,Endless Hours,168,7063,Fresh Body Shop,118858,Wizard,2013-02-19,en,vocal,male,electric,high,"rock, pop",,"acoustic, vocal, voice, neutral",10463,688604,162,74,5,1,8.0
1014954,Qué Pasó,217,358187,Sundayers,119528,Impulsos,2013-03-12,es,vocal,female,,medium,"reggae, rock",,"vocal, happy, voice",29812,223571,270,152,1,0,8.0
1027698,La Scelta del Presidente,197,351372,Millionaire Blonde,120852,La Scelta del Presidente,2013-04-19,it,vocal,female,electric,medium,"pop, electronic, electropop","synthesizer, violin","energetic, acoustic, vocal, voice",331754,1616864,440,221,55,3,8.0357
10558,A l’orée d’un siècle en bois ,235,14,David TMX,1561,A l'orée d'un siecle en bois ,2006-03-29,fr,vocal,male,electric,medium,metal,,"acoustic, vocal, voice, neutral",9205,44769,1744,1540,0,0,0.0
1092251,Meine Matrix,170,440506,Peter Pumberger,130185,Meine Matrix,2014-01-01,de,vocal,male,electric,medium,"rock, pop","electricguitar, drums","happy, acoustic, vocal, voice, kiss",21862,723550,126,77,3,1,8.0
1172514,09 Fubu - Entre Nos,151,361778,Dj Fubu G our Fubu G,141228,Sentimentos,2014-12-10,pt,vocal,male,,high,hiphop,,"vocal, voice, entre",1158148,258199,10,2,0,6,0.0
1174099,Inna,157,440512,ProleteR,141402,Rookie EP,2014-12-15,zh,vocal,female,,medium,"hiphop, electronic, electroswing",drums,"vocal, energetic, voice, jazzy",136315,342762,548,336,45,1,8.3333
1396152,Lagu_Buat_Kamu_-_Aldi_indiana_yusuf,288,495192,Aldi indiana yusuf,256831,Lagu_Buat_Kamu_-_Aldi_indiana_yusuf,2016-11-24,id,vocal,female,,medium,"rock, pop",,"vocal, voice, popsoul",592815,1782940,1,0,0,0,6.0
1001519,In Your Face,201,1333,Brad Sucks,117853,Guess Who's a Mess,2013-01-22,,vocal,male,,medium,,,,91080,518129,270,151,20,1,8.6667
1086780,Nobody Is Here,257,354307,14ice_music,,,2013-12-13,,,,,,pop,,"sad, drama",73332,614921,334,187,48,2,8.5
1007842,Heaven by Bruno Susio (feat. Marie Louise Frifelt),263,365833,Jazz Friends,118676,Jazz Friends 2013 - Guitars in Jazz,2013-02-14,,vocal,female,,medium,jazz,"drums, electricguitar","vocal, upbeat, voice, loungejazz",15935,186017,81,29,6,0,8.0
1007991,Runaway,186,367351,Fall Walk Run,118643,Piece By Piece,2013-02-12,,vocal,,,medium,,,,25240,243867,193,103,17,1,5.75
101464,Hello Black & White Bird,206,6079,The Old Dada Weatherman ,11348,The Dada Weatherman (In Airplane Trouble),2007-11-02,,vocal,male,acoustic,medium,"singersongwriter, pop","acousticguitar, strings","sentimental, acoustic, vocal, voice",26358,189390,87,48,0,0,9.0
10559,Lesbos,180,14,David TMX,1561,A l'orée d'un siecle en bois ,2006-03-29,fr,vocal,male,electric,veryhigh,metal,,"acoustic, energetic, vocal, voice",7152,29718,1729,1535,0,0,6.0
1118121,Baldych - Lunar Path,352,343607,Tunguska Electronic Music Society,133613,Tunguska Chillout Grooves Vol. 11,2014-04-11,,instrumental,neutral,electric,low,"ambient, filmscore",synthesizer,"space, sentimental, dreamy",37198,286147,727,510,3,0,9.0
1308979,Talk To Me,183,486468,Allie Farris,155528,EP,2016-01-15,en,vocal,female,acoustic,verylow,"pop, folk, singersongwriter","piano, strings","emotional, acoustic, energetic, voice, harmonies",207972,775869,1200,811,16,0,8.3333
1002052,Feel Good Acoustic Ukulele,213,375935,Akashic Records,117912,Optimistic Acoustic Ukulele,2013-01-23,,instrumental,neutral,electric,medium,"pop, folk, filmscore","strings, ukulele","happy, advertising, peaceful",123720,406731,1490,744,78,1,8.9231
1011643,Daily Routine,270,421874,Kingston Blues,119118,Sailin',2013-02-27,,vocal,male,,medium,"funk, jazzfunk","electricguitar, drums","vocal, groovy, happy, voice, jazzy",8945,179388,38,13,0,0,8.0
1015339,I want you (pop rock remix),204,368292,Lollita,119554,Lollita,2013-03-13,en,vocal,female,electric,medium,"pop, rock","electricguitar, electroamplified","acoustic, vocal, voice",856500,1861975,333,172,30,2,8.6667
1015359,Sexy jouet,204,368292,Lollita,119554,Lollita,2013-03-13,en,vocal,female,electric,medium,pop,synthesizer,"acoustic, vocal, voice",154576,1281302,184,100,13,0,8.0
1018531,Walk alone (The Red Stone and The Last Stop),198,377380,Ground &amp; Leaves,119941,The Red Stone,2013-03-24,,vocal,male,acoustic,medium,"folk, country, pop",guitar,"acoustic, vocal, voice",22007,426715,121,67,4,0,6.0
1022211,All You Know,274,432520,Quietly Concerned,120205,Homeless,2013-04-01,,vocal,male,electric,medium,"folk, pop",harmonica,"sad, acoustic, vocal, voice",117034,567655,1168,691,107,4,9.375
1031187,I Want You,206,433610,Tamara Laurel,121316,I Want You - Single,2013-05-03,,vocal,female,,medium,"folk, pop, singersongwriter","strings, violin","vocal, voice",1190565,2656941,1551,901,251,7,9.5333
1032157,Tramp,172,421279,Kassy Key &amp; the Raindoggs,121460,Tramp,2013-05-08,en,vocal,male,electric,medium,"blues, rock, rockabilly","bass, electricguitar","acoustic, vocal, retro, voice, burlesque",43333,301304,354,166,27,2,9.0
103599,Electricity,213,87,Alexander Blu,11977,Electricity,2007-11-08,,instrumental,neutral,electric,medium,funk,"drums, synthesizer","happy, energetic, lounge",31259,510638,782,327,4,0,8.0
1044827,Story of One Success (extended mix),260,375935,Akashic Records,123035,Story of One Success (energetic symphonic rock),2013-06-28,,instrumental,neutral,electric,medium,pop,acousticguitar,"happy, uplifting, advertising",78733,487023,1775,760,6,1,8.0
1048628,jam fun,379,356759,Arnaud Martin Jazabana,123557,Live in Goldengate,2013-07-16,,instrumental,,,medium,"jazz, jazzfunk",piano,"improvisation, groovy",18020,683242,47,24,3,0,8.0
1051196,Earthbound,218,436034,Jill Zimmerman,123814,Earthbound,2013-07-25,en,vocal,female,,medium,"pop, folk","piano, electricguitar","happy, vocal, upbeat, voice",45272,2089417,340,199,17,0,8.0
1051198,Tunnel Vision,201,436034,Jill Zimmerman,123814,Earthbound,2013-07-25,en,vocal,female,acoustic,medium,"pop, indie","electricguitar, piano","acoustic, vocal, voice, pianorock",111079,956933,159,87,4,1,8.0
1051627,Pop Up,104,377055,ZOE.LEELA,123853,Digital Guilt,2013-07-26,,vocal,female,,medium,"pop, electronic, rock",drummachine,"vocal, urban, voice",457814,699202,546,304,99,7,7.6667
1053845,Dark Clouds,449,340225,Peter Maze,124189,Mountain Lounge,2013-08-04,,instrumental,,,medium,"ambient, electronic, chillwave","cello, synthesizer","ethno, documentary",39611,1302490,391,264,2,0,8.0
1060600,Midnight,185,352880,Giulio Bradamante,125122,Jazzy,2013-09-02,,instrumental,,,medium,jazz,"synthesizer, electricguitar",jazzy,16701,346388,70,34,0,0,7.0
1063105,Memory Replaced,259,7872,Josh Woodward,125536,Memory Replaced (Single),2013-09-13,en,vocal,male,electric,medium,"folk, rock","drums, bass","acoustic, vocal, voice",327407,984166,548,322,108,7,8.6667
1065625,It's All A Matter Of Semantics,136,437812,Ben K Adams,125874,Grey Days In LA,2013-09-25,,vocal,neutral,electric,medium,"hiphop, corporate, electronic","synthesizer, bells","acoustic, energetic, vocal, voice, neutral, royaltyfree",18025,235422,438,277,1,0,8.5
1070217,In my dreams,213,436993,Intoxicated Piano,126608,Vice Versa,2013-10-13,en,vocal,female,,medium,"ambient, indie","electricguitar, strings","vocal, voice",16512,204276,139,94,4,0,8.0
1070219,Mr.&Mrs Rains,205,436993,Intoxicated Piano,126608,Vice Versa,2013-10-13,en,vocal,female,,medium,"pop, indie, ambient","drums, piano","vocal, voice",73463,527412,82,52,3,0,8.0
1071475,Epic Champions,130,375935,Akashic Records,126942,"Epic Champions (heroic, motivational, sports)",2013-10-16,,instrumental,,,high,filmscore,orchestra,"motivational, film, happy, intense",98746,491025,2006,890,10,0,8.0
1072431,Wire & Flashing Lights,217,339989,Professor Kliq,127400,Wire and Flashing Lights EP,2013-10-20,,instrumental,neutral,electric,medium,electronic,"electroamplified, synthesizer","energetic, happy, advertising, bigbeat",97277,1715813,1293,827,10,0,7.7143
1076458,Poetry For The Moon,190,340553,Daniel Catarino,128216,Songs From The Attic Window,2013-11-01,en,vocal,male,acoustic,medium,"folk, rock, singersongwriter",classicalguitar,"acoustic, vocal, retro, voice, lyrics",146558,637357,612,390,122,1,8.0
1078392,Circle of Sea,210,343767,John Dada &amp; the Weathermen,128427,Birthnight,2013-11-08,en,vocal,male,electric,medium,"folk, rock","strings, hammond","acoustic, vocal, voice",36610,394720,286,165,45,1,8.6667
1081523,What's on the Radio (Feat. Nate Monoxide),238,439316,Monkeyman,128846,Do You Dream of Me?,2013-11-20,en,vocal,male,electric,medium,"dance, pop, electronic","synthesizer, sampler","acoustic, vocal, energetic, voice, eurodisco",276001,819258,330,187,46,12,6.8333
1083180,All Or Nothing,316,439586,David Krystal,129082,She Sings To Me,2013-11-28,,vocal,male,,medium,singersongwriter,"strings, drums","peaceful, vocal, emotional, voice",87312,605552,94,50,11,0,8.0
1083184,On And On,256,439586,David Krystal,129082,She Sings To Me,2013-11-28,,vocal,male,,medium,"singersongwriter, pop, artrock","strings, electricguitar","vocal, peaceful, emotional, voice",69031,420570,55,32,3,4,8.0
1083659,Say You Love Me,280,439586,David Krystal,129078,View From The Inside,2013-11-28,,vocal,male,,medium,"pop, singersongwriter","electricpiano, electroamplified","love, sentimental, vocal, voice",607529,1237411,538,326,67,4,8.0
1083663,Wipe Away Your Tears,266,439586,David Krystal,129078,View From The Inside,2013-11-28,,vocal,male,,medium,"pop, singersongwriter","piano, strings","love, sentimental, ballad, voice",57963,507026,59,33,2,0,8.0
1083668,Like Yesterday,210,439586,David Krystal,129078,View From The Inside,2013-11-28,,vocal,male,,medium,"pop, singersongwriter","trumpet, acousticguitar","love, sentimental, vocal, voice",29930,487507,70,36,2,0,8.0
108580,Dirty angel,222,337294,The Phase,13125,Dogma,2007-11-20,,instrumental,neutral,electric,high,"electronic, drumnbass, breakbeat","bass, drums","sport, sad, energetic, big",75964,659727,1656,793,30,3,8.5714
1086545,Star Fall,184,428599,Sunwill,129505,Star Fall (Single),2013-12-11,en,vocal,male,electric,medium,"pop, rock, dubstep","electroamplified, strings","acoustic, vocal, groovy, voice",67695,988620,94,47,5,1,7.0
1087890,Shine,223,375130,Ralf G. (Ralf Gründer),129698,Shine,2013-12-17,en,vocal,female,electric,medium,"pop, dance, electronic",electricpiano,"acoustic, vocal, energetic, voice",99021,1827095,448,215,54,8,9.1667
1093606,Dollhouse,218,378695,Lilly Wolf,130347,This Painted Life,2014-01-05,en,vocal,female,electric,medium,"pop, dance, electronic","synthesizer, drums","energetic, acoustic, vocal, voice",202598,1916366,357,213,15,3,8.6667
1093794,Five O'Clock,140,440692,JekK,130370,One Day,2014-01-06,en,vocal,male,electric,medium,"pop, electronic","piano, synthesizer","love, happy, acoustic, voice",364446,2741362,1124,669,135,12,8.7143
1093987,Sweet,214,433610,Tamara Laurel,130395,Sweet,2014-01-07,en,vocal,female,acoustic,medium,"country, pop, folk","strings, slideguitar","ballad, acoustic, vocal, voice",459960,1734559,1585,937,295,11,8.3
1103966,Never get enough,281,441585,The.madpix.project,131767,Never get enough,2014-02-17,,instrumental,female,electric,medium,"dance, electronic, edm","sampler, synthesizer",clubdance,19836,827645,358,213,16,1,8.6667
1106485,Moonlight Jazz,221,438966,Robert80z,132126,"Jazz Songs, Vol. 1",2014-02-28,,instrumental,,,medium,"jazzfusion, jazz, flamenco","classicalguitar, strings","lounge, upbeat, jazzblues",17837,179810,174,83,11,0,7.3333
1108495,I wanna Be,152,442541,Quentin Hannappe,132390,I Wanna Be,2014-03-08,fr,vocal,male,,medium,"world, folk, reggae","bass, cajon","vocal, happy, voice",472749,715036,1640,932,277,11,8.6667
1108554,Do not blink,166,442559,Xytum,132409,Do Not Blink EP,2014-03-08,,vocal,male,electric,high,"electronic, dubstep, spokenword","drums, percussion","dark, horror, acoustic, voice, imaginary",52264,325383,811,545,47,2,8.0
1113648,Job Done,153,341323,SONIC MYSTERY,132999,SUN BELIEVER,2014-03-23,,instrumental,,,medium,"jazz, funk","synthesizer, flute","lounge, peaceful, sexy",16128,667481,77,25,1,0,8.0
1116682,Comfort of Comforters [prod. Larry Legend],205,389940,Jus Daze,133413,Walk Twice As Hard,2014-04-05,,vocal,male,,medium,"hiphop, rap","bass, sampler","vocal, voice, jusdaze",22479,188142,242,131,4,2,8.6667
1119654,Love is a Journey,186,443445,Robert Avellanet,133798,Heart & Soul,2014-04-17,en,vocal,male,electric,medium,"pop, rock","drums, guitar","love, happy, romantic, voice",288378,1345153,851,534,20,0,8.75
1119658,I'm So Glad,222,443445,Robert Avellanet,133798,Heart & Soul,2014-04-17,,vocal,male,,medium,"folk, pop","acousticguitar, synthesizer","happy, vocal, voice",88004,777292,329,205,2,0,8.0
1119686,California Moon,235,443445,Robert Avellanet,133798,Heart & Soul,2014-04-17,,vocal,male,,medium,pop,"strings, piano","vocal, ballad, voice, slowtempo",136816,1021849,350,190,11,1,8.0
1120091,Ersatz,268,370143,The Easton Ellises,133864,EP: TWO,2014-04-18,,vocal,male,electric,medium,"rock, indie, pop","electroamplified, electricguitar","energetic, acoustic, vocal, voice, dancerock",11308,219653,321,204,10,1,9.4286
1121394,You're Always With Me,163,443553,Marco Margna,134004,Marco Margna Music Library 1,2014-04-23,en,vocal,male,electric,medium,"pop, indie, filmscore","electricguitar, bongo","acoustic, vocal, peaceful, voice, neutral, missing",105622,662121,107,73,1,0,8.3333
1121396,Give Me a Change,202,443553,Marco Margna,134004,Marco Margna Music Library 1,2014-04-23,en,vocal,female,electric,medium,"pop, dance, ambient","synthesizer, piano","acoustic, vocal, sad, voice, vocals",129539,758426,126,80,4,1,8.0
1122084,I Want You,206,433610,Tamara Laurel,134086,Lightning,2014-04-25,,vocal,female,,medium,"folk, country, singersongwriter","strings, bass","vocal, voice",67232,256178,750,440,128,3,8.5
1122085,Sweet,214,433610,Tamara Laurel,134086,Lightning,2014-04-25,,vocal,female,,medium,"folk, country, pop","strings, harmonica","vocal, voice",3684136,4221528,2450,1524,394,8,8.625
1122086,There Is A Line,199,433610,Tamara Laurel,134086,Lightning,2014-04-25,,vocal,female,,medium,"country, folk, singersongwriter","strings, banjo","vocal, voice",46067,265368,782,480,50,2,8.2
1122392,Synthesis,226,442559,Xytum,134139,Synthesis,2014-04-27,,instrumental,neutral,electric,veryhigh,"electronic, drumnbass, dubstep","synthesizer, bass","acoustic, instrumental, fast",81762,387261,823,505,81,4,8.3333
1125749,No Doctor,204,354307,14ice_music,134674,Getting On My Nerves,2014-05-12,en,vocal,female,acoustic,medium,pop,"piano, harp","acoustic, vocal, sad, voice",48923,676143,178,96,24,3,9.3333
1125825,The Gypsy Song,177,351968,The Freak Fandango Orchestra,134922,Wild Goats and Useless Heroes,2014-05-20,en,instrumental,female,acoustic,medium,"folk, rock","accordion, violin","acoustic, energetic, instrumental, accordian",50788,323377,424,259,40,0,8.0
1131486,Open The Source,528,337503,Paolo Pavan,135655,THE SWING OF THINGS,2014-06-12,,instrumental,neutral,,medium,"jazz, funk","drums, strings",pianoinstrumental,32363,823973,393,222,11,1,9.2
1131488,One,447,337503,Paolo Pavan,135655,THE SWING OF THINGS,2014-06-12,,instrumental,,,medium,"jazz, funk","drums, doublebass",pianoinstrumental,12650,514785,168,95,1,0,8.0
1131489,Nobody Sleep,139,337503,Paolo Pavan,135655,THE SWING OF THINGS,2014-06-12,,instrumental,neutral,,medium,"jazz, funk","piano, saxophone",pianoinstrumental,20876,433029,163,82,2,0,8.0
1131492,Do It,423,337503,Paolo Pavan,135655,THE SWING OF THINGS,2014-06-12,,instrumental,neutral,electric,medium,"jazz, funk","drums, wind",pianoinstrumental,37548,999063,179,100,1,0,8.6667
1131496,Heart,50,337503,Paolo Pavan,135655,THE SWING OF THINGS,2014-06-12,,instrumental,neutral,acoustic,medium,"jazz, funk","saxophone, piano","acoustic, instrumental, pianoinstrumental",8312,166190,70,25,0,0,7.5
1133992,Give Me Hope,292,444576,Modern Pitch,136061,These Nights,2014-06-28,en,vocal,male,electric,medium,"rock, pop, indie","bass, strings","acoustic, vocal, voice",216675,2088120,773,515,7,0,8.6667
1135700,Falcon 69,224,370143,The Easton Ellises,136365,Nightwavs,2014-07-11,en,vocal,male,,medium,"pop, alternativepop","electricguitar, synthesizer","vocal, 80s, voice, dancerock",475317,998541,1183,688,159,7,7.7143
1143013,I feel good,97,451073,Addict Sound,137054,Happy songs for video and advertising,2014-08-05,,instrumental,neutral,electric,medium,"filmscore, corporate, pop","ukulele, strings","happy, motivational, advertising",119602,319655,1664,1036,11,0,9.3333
1147535,Slash,245,439311,Other Noises,137599,S.L.A.S.H,2014-08-21,,vocal,male,,medium,rock,"guitar, drums","energetic, vocal, voice, neutral, slash",179145,362891,634,368,75,1,8.6667
1156128,Love for my Wife,255,341346,Angus &amp; Friends,138712,COOL STUFF,2014-09-22,,instrumental,neutral,,medium,jazz,"piano, drums","neutral, jazzycool",13245,389745,163,92,0,0,8.0
1157594,Paradise (Featuring Scolla),229,454720,Kidd Young,138911,Midnight Highs,2014-09-29,,vocal,male,,medium,"hiphop, rap","piano, drummachine","vocal, voice",231875,439335,442,252,22,1,8.0
1159408,Cover,178,444388,Final Round,139192,It Ends with Us Both Right Here EP,2014-10-10,,vocal,male,,medium,"poprock, rock","strings, guitar","energetic, vocal, voice",11039,355509,85,53,2,0,8.0
1162014,It Could Be You,193,4777,STEEP,139601,NEW HORIZONS,2014-10-23,en,vocal,male,electric,veryhigh,"rock, indie","guitar, electricguitar","happy, acoustic, vocal, voice",391137,1189253,1278,801,23,1,7.25
1162034,"My name is Nova, Bossa Nova",402,454458,Giorgio Ghiglieri,139615,Generi di prima necessità,2014-10-24,,instrumental,neutral,electric,medium,jazz,"drums, acousticbass",jazzsamba,25596,586537,178,94,1,0,8.0
1163315,Gipsy,312,422656,Carl-Friedrich von Steegen,139821,Sax Pack,2014-10-30,,instrumental,,,medium,jazz,"saxophone, wind","peaceful, soft, romantic",15441,368545,287,151,7,0,9.0
1165399,Spirit Walk,315,358362,The Mind Orchestra,140112,Devoured by the Comfort Zone,2014-11-08,en,vocal,male,electric,medium,"folk, blues, world",slideguitar,"acoustic, vocal, love, voice, spirit",20169,377730,219,136,0,0,8.0
1165995,In The Moonlight,200,437812,Ben K Adams,140240,The Man On The Hill,2014-11-12,en,vocal,male,electric,medium,rock,"electricguitar, guitar","acoustic, vocal, sad, voice, girl",95259,998451,501,299,23,0,7.3333
1167648,Winter Is Coming,239,368142,Andrey Avkhimovich,140425,Entrance,2014-11-18,,instrumental,neutral,electric,medium,"ambient, world",percussion,"peaceful, hangdrum",36511,400677,330,201,2,0,9.0
1169887,Dernier Verre,234,457222,SugarLab,140770,Sugar Lab,2014-11-26,,vocal,male,,medium,"pop, frenchpop",cajon,"vocal, energetic, voice, sugar",52939,267363,108,59,9,0,8.0
1169939,Been Waiting (feat. Rebekka Salomea),179,457223,Jaief &amp; Asong,140778,EARWORMS,2014-11-27,en,vocal,female,electric,medium,hiphop,"piano, conga","energetic, acoustic, vocal, voice",26061,369578,247,144,10,1,8.0
1171568,Fly Dance,257,341346,Angus &amp; Friends,141095,Intimacy,2014-12-06,,instrumental,neutral,acoustic,medium,"jazz, jazzfunk","harmonica, strings","improvisation, groovy, acoustic, neutral",10140,278249,31,11,0,0,8.0
1174694,Sweet,110,457183,BrewHouse Music,208354,Sweet,2014-12-16,,instrumental,neutral,electric,medium,"country, pop, folk","guitar, slideguitar","advertising, peaceful, love, neutral, ambientchill",18472,391716,232,117,0,0,9.6667
1179919,Kisses,132,458193,Weightless,230488,Kisses,2014-12-30,en,instrumental,female,electric,medium,"pop, dance, smoothjazz",strings,"60s, atmospheric, funny, neutral, saxofon",42879,600490,207,95,1,0,8.5
1181019,Gates,269,458607,Bellevue,208641,Gates,2015-01-01,en,vocal,female,,medium,"rock, pop, indie",violin,"vocal, emotional, voice, lonely",273942,1115493,1456,907,121,5,7.125
1185987,Blues 4 Rabbit,179,459561,Zaec,142757,Blues 4 Rabbit,2015-01-16,,instrumental,,,medium,"jazz, swing","piano, horn","peaceful, fun, swinging",14575,601867,179,98,0,0,8.0
1187643,"From the Outside, Looking In",257,454156,Fallen to Flux,142938,"From the Outside, Looking In",2015-01-20,en,vocal,male,,veryhigh,"rock, heavymetal","bass, guitar","vocal, fast, uplifting, voice",241641,510022,1203,781,86,6,9.2
1187644,Living With The Pain,307,454156,Fallen to Flux,142938,"From the Outside, Looking In",2015-01-20,en,vocal,male,,medium,"rock, heavymetal","electricguitar, bass","vocal, uplifting, voice, arenarock",23668,254185,652,439,18,0,9.0
1188241,Go Away,270,441585,The.madpix.project,209014,Go Away,2015-01-21,en,vocal,female,,medium,"dance, house, electronic","synthesizer, guitar","energetic, vocal, voice, clubhouse",26409,816223,534,364,3,1,8.0
1189906,Carefree Ukulele,199,460469,Seastock,143225,Light and Upbeat,2015-01-27,,instrumental,neutral,acoustic,medium,"corporate, folk","ukulele, whistling","happy, acoustic, energetic",98555,368686,1792,910,7,0,8.6667
1194312,Lost To Me,172,343767,John Dada &amp; the Weathermen,143735,folK.itUp,2015-02-08,en,vocal,male,electric,medium,"pop, folk","guitar, organ","acoustic, vocal, voice",43429,1140471,414,237,21,1,8.0
1194313,Household Blues,198,343767,John Dada &amp; the Weathermen,143735,folK.itUp,2015-02-08,,instrumental,,,medium,"blues, folk, rock","percussion, guitar",bluesharp,34683,260281,410,252,10,0,7.6667
1204670,Deeper For You,229,463402,Melanie Ungar,144705,What Is Love,2015-03-03,,vocal,female,electric,medium,"country, pop, folk","guitar, banjo","happy, love, acoustic, county, voice",260605,1278613,1946,1292,27,0,9.4
121083,Coal Train,360,337382,Triplexity,16739,Between Light And Shadow,2007-12-31,,instrumental,neutral,electric,medium,jazz,saxophone,"film, meditative, neutral",21598,388666,1995,1118,12,0,8.0
121140,Calleso,260,337382,Triplexity,16739,Between Light And Shadow,2007-12-31,,instrumental,neutral,electric,medium,"jazz, hiphop, avantgarde","piano, percussion",neutral,5556,165289,1857,1075,1,0,8.0
121147,1000 and 1 Nights,355,337382,Triplexity,16739,Between Light And Shadow,2007-12-31,,vocal,female,electric,medium,"world, middleeastern",ney,"acoustic, vocal, film, voice, syria",8405,33340,1888,1080,7,0,8.0
1214410,Unis Vert,188,337939,Laurent Danis,231446,Unis Vert,2015-03-28,,vocal,female,,medium,world,"guitar, flute","vocal, peaceful, spiritual, voice, kanjira",39729,640429,99,57,11,0,8.0
1215687,Liberteens,216,357612,Emerald Park,145846,Liberteens,2015-04-14,en,vocal,male,,medium,"pop, indie",bass,"vocal, groovy, sentimental, voice, arpeggio",231020,770424,641,409,32,1,7.0
1217479,Paris La Nuit,258,467367,A Virtual Friend,210447,Paris La Nuit,2015-04-05,en,vocal,female,,medium,"pop, rock, deephouse","electroamplified, drummachine","vocal, soft, voice, paris",249061,1118157,1386,886,53,2,8.6667
1221864,Draw Me a Picture,232,468830,The A.J. Gatz Project,146581,Who is A.J. Gatz? Volume 2,2015-04-27,en,vocal,male,,medium,"indie, rock, pop","guitar, glockenspiel","happy, vocal, motivational, voice, carefree",14874,382972,130,68,0,0,8.0
12303,Tribute to the kings,331,1858,Trafic de Blues,1820,Fin de cavale,2006-05-03,,instrumental,neutral,electric,medium,"jazz, blues, jazzfunk","harmonica, brass","upbeat, energetic, retro",29463,753652,1570,1088,18,0,8.25
12306,Time to funk,540,1858,Trafic de Blues,1820,Fin de cavale,2006-05-03,,instrumental,neutral,electric,medium,"funk, jazz","harmonica, wind","happy, energetic",44979,298259,2036,1136,6,0,7.6
1230672,Lost And Found,216,471736,Jon Maurer,147582,I. (Fire),2015-05-16,en,vocal,male,,medium,"folk, indie, americana","tambourine, percussion","vocal, voice, folky",12167,488675,123,77,1,0,8.0
1234660,Yes or No,220,473262,studyBreak,148029,Say Goodbye Now,2015-05-27,,vocal,male,,medium,"electronic, ambient, singersongwriter","guitar, synthesizer","vocal, voice",81035,611354,128,81,1,0,8.0
1234662,Choices,204,473262,studyBreak,148029,Say Goodbye Now,2015-05-27,,instrumental,male,,high,"electronic, ambient","synthesizer, ukulele",choice,76581,589870,219,142,0,0,8.0
1235170,He loves Her,324,473433,Remy Bourgeois,148070,Bal de Nuit EP,2015-05-28,,instrumental,,,medium,electronic,harp,"love, rose",188437,373114,719,445,75,0,8.6667
1235602,Sonrie,192,340663,Gustavo Crochenci,148140,Vintage,2015-05-31,,instrumental,,,medium,jazz,"piano, brass",jazzclassic,17218,301928,158,82,1,0,8.0
1239031,Rise,240,459870,Nicolas Wohlleben,254697,Rise,2015-06-09,,instrumental,,,medium,"filmscore, trailer, symphonic","strings, orchestra","epic, film, energetic",35592,221069,1342,793,4,0,7.3333
1247372,Balzi Mossi (Mozambiguo),373,4819,Boom Boom Beckett,149433,Boom Boom Baby,2015-07-07,,instrumental,,,medium,"jazz, world, folk","guitar, percussion","peaceful, sopranosax",25322,598420,348,210,2,0,8.0
1247375,Boom Boom Baby,274,4819,Boom Boom Beckett,149433,Boom Boom Baby,2015-07-07,,vocal,,,medium,jazz,"strings, doublebass","vocal, peaceful, voice, voices",49974,624259,333,187,14,0,8.0
1278619,Beat n°1,120,456653,Prysm,281602,Beat n°1,2015-10-04,,instrumental,,,medium,"electronic, breakbeat","piano, bass","melancholic, minimal, battery",5452,283057,67,43,0,0,8.6667
127888,OBE#1,355,4812,SaReGaMa,18044,The 4 Elements,2008-01-22,,instrumental,neutral,electric,medium,"electronic, chillout","kalimba, percussion","peaceful, happy",9332,429330,694,308,1,1,8.0
1284793,SMILING FACES,179,483863,jean-yves allaire,153250,10 instrumentals soft jazz songs,2015-10-24,,instrumental,,,medium,"jazz, latin, samba","piano, electricpiano","happy, vibraphon",10965,131869,19,9,0,0,0.0
1291394,Home,227,464915,The Grus,153817,Nest,2015-11-16,en,vocal,female,,medium,"chillout, electronic, downtempo",wind,"peaceful, sad, vocal, voice, home",15132,271283,154,99,0,0,8.0
1292383,Rain,208,560,Grégoire Lourme,153921,Life,2015-11-20,,instrumental,,,medium,"filmscore, ambient","piano, orchestra","film, depaysant",234747,474848,2030,1223,8,0,6.0
1319499,Your Eyes,176,487532,Niki J Crawford,156458,The Genesis Block EP,2016-02-18,en,vocal,female,,medium,"rnb, pop, soul",horn,"vocal, emotional, groovy, voice, deceit",23216,375711,272,158,1,0,8.5
1334046,She Movin',134,488915,AJC &amp; The Envelope Pushers,157742,Fallen Star,2016-04-07,en,vocal,male,,medium,"rnb, funk","trombone, percussion","vocal, voice, trumpets",41030,270561,592,359,0,0,9.0
1334054,Fallen Star,255,488915,AJC &amp; The Envelope Pushers,157742,Fallen Star,2016-04-07,en,vocal,male,,medium,"rnb, rap, hiphop","electricpiano, synthesizer","vocal, introspective, voice",133417,847689,305,205,0,0,9.0
1334705,MonoMultiModal,232,474648,Jazzaria,334479,MonoMultiModal,2016-04-10,,instrumental,,,medium,"jazz, jazzfusion","piano, clarinet","improvisation, uprightbass",12351,224901,247,147,0,0,8.0
1378835,Poor Gal,187,336871,Régis V. Gronoff,161999,In the Prison of your Eyes,2016-09-24,,instrumental,,,medium,"jazz, swing","piano, wind","happy, trumpets",14117,154546,45,16,0,0,6.0
1402969,We're All One,216,495787,Darryl And Georgia,217525,We're All One,2016-12-16,en,vocal,female,,medium,"pop, electronic",bells,"vocal, happy, summer, voice",6677,125877,21,10,0,0,7.0
1434824,The Little Robot,275,487051,Forget the Whale,167118,What I Tell Myself Vol. 2,2017-03-25,en,vocal,female,,medium,rock,"glockenspiel, percussion","happy, vocal, energetic, voice, popular",165938,1731201,1765,1177,0,0,9.5
1436621,Good Old Times,145,497559,Alex Cohen,257320,Good Old Times,2017-04-22,en,vocal,female,,medium,"indie, pop, folk","piano, guitar","happy, love, summer, voice, handclaps",1232580,2643103,7949,5313,0,0,8.1667
1443344,Me cansé,265,499576,Harveys,167925,Me cansé,2017-04-26,es,vocal,male,,medium,"salsa, latin, pop","trumpet, conga","love, romantic, vocal, voice, trompeta",68264,213982,661,406,0,0,9.0
145958,Get It On,199,338624,Major Major,20784,Major Major,2008-03-10,en,vocal,male,electric,medium,"rock, indierock",electricguitar,"acoustic, vocal, voice",26079,273918,707,466,9,2,8.5
1461653,sensate,202,498018,AKS&amp;El project,236806,sensate,2017-07-05,,instrumental,,,medium,"downtempo, hiphop, chillout","electricpiano, piano","sad, melancholic, soundscape, drummbass",8403,331221,174,110,0,0,8.0
1483586,Messes,259,503014,Seth Power,171527,Magnolia Soul,2017-10-03,en,vocal,male,,medium,"indie, indierock, singersongwriter",cello,"love, vocal, voice, instrospective",54311,1331513,1216,749,0,0,10.0
1510652,Tortoise,212,506072,Julius Nox - Giulio's Page,237782,Tortoise,2018-01-06,,instrumental,,electric,high,"electronic, electronica","bass, synthesizer","energetic, electrodub",59040,485327,2405,1670,0,0,9.0
15164,burn,280,2208,Grace Valhalla,2162,PEAK~,2006-06-09,,instrumental,neutral,electric,medium,"filmscore, electronic","glockenspiel, synthesizer","film, strange, peaceful, musiquedefilm",27661,170480,1849,1332,12,2,7.0
15167,experience II,246,2208,Grace Valhalla,2162,PEAK~,2006-06-09,,instrumental,neutral,electric,medium,"electronic, chillout, pop","synthesizer, trumpet","abstract, calm, peaceful, musiquedefilm",7536,49277,1775,1314,9,1,7.5
1528165,Strong,187,440692,JekK,175186,Strong,2018-02-27,en,vocal,male,,low,"pop, soul","synthesizer, claps","happy, vocal, voice, vitamin",985060,3432948,5506,3687,0,0,7.1429
1543036,Take Me Away,225,497744,Barefoot McCoy,176499,Back to Virginia,2018-04-26,en,vocal,male,,high,"folk, americana, alternativerock","strings, flute","vocal, voice, nativeamericanflute",95721,279474,1169,772,0,0,10.0
1552063,Raise Your Voice,181,442541,Quentin Hannappe,177227,Quentin Hannappe EP,2018-06-07,en,,,,medium,"reggae, pop, world","guitar, cajon","uplifting, upbeat",30030,191022,813,519,0,0,9.0
1554456,Blackout Romeo,192,498715,The Spin Wires,303320,Blackout Romeo,2018-06-09,en,vocal,male,,high,"rock, poprock","guitar, horn","vocal, voice, dating",48593,219388,1129,743,0,0,7.0
1560898,Missed Connection,196,378695,Lilly Wolf,258881,Missed Connection,2018-07-12,en,vocal,female,,medium,"pop, electropop, synthpop","strings, synthesizer","vocal, love, sad, voice",24851,153273,944,668,0,0,10.0
1565363,Skylight,310,508510,Iris Bevy,272990,Skylight,2019-03-07,en,vocal,male,,high,"pop, indiepop, dreampop","synthesizer, melodica","happy, vocal, summer, voice",51239,621933,1643,1119,0,0,10.0
15655,Invisible Walls,420,2278,Revolution Void,2225,Increase the Dosage,2006-06-20,,instrumental,neutral,electric,medium,"nujazz, jazz, chillout","electricpiano, saxophone","groovy, improvisation, peaceful",411556,1534200,5383,3233,31,0,8.2
15656,Factum par Fictio,530,2278,Revolution Void,2225,Increase the Dosage,2006-06-20,,instrumental,neutral,electric,medium,"freejazz, jazz, electronic","electricguitar, saxophone","trippy, psychedelic",21372,192714,4167,3085,1,0,7.6667
15660,Double the Daily Dose,355,2278,Revolution Void,2225,Increase the Dosage,2006-06-20,,instrumental,neutral,electric,medium,"electronic, downtempo, jazz","pipeorgan, wind","psychedelic, trippy",19062,79004,4037,3045,2,0,8.6667
15663,Accelerated Lifestyle,490,2278,Revolution Void,2225,Increase the Dosage,2006-06-20,,instrumental,neutral,electric,medium,electronic,"synthesizer, hammond","psychedelic, energetic, breaks",16866,60754,4067,3071,1,0,8.0
15665,Nebulous Notions,417,2278,Revolution Void,2225,Increase the Dosage,2006-06-20,,instrumental,neutral,electric,medium,"chillout, downtempo, electronic","vibraphone, piano","psychedelic, peaceful, lounge, vibes",48043,606462,4126,3100,8,2,8.6667
1585553,Unnamed Song (Of A Fake Unicorn),175,351968,The Freak Fandango Orchestra,180045,Lost Songs of Fake Unicorns,2018-10-23,,vocal,,,high,"folk, world, gypsy","wind, trumpet","vocal, voice",47267,204628,909,643,0,0,10.0
1587010,Loaded Gun,184,495770,THE SAME PERSONS,296618,Loaded Gun,2018-10-26,en,vocal,male,,medium,"electropop, synthpop, synthwave","synthesizer, strings","energetic, upbeat, vocal, voice",72848,679149,169,109,0,0,8.0
1597604,Winner,208,507948,Rxbyn,266854,Winner,2018-12-03,en,vocal,male,,medium,"rnb, pop, dance","djembe, marimba","love, vocal, peaceful, voice",14806,163261,532,369,0,0,10.0
1601038,Háblame - (Talk to me),213,486769,Brunela Crochenci,347148,Háblame - (Talk to me),2018-12-12,es,vocal,female,,medium,"jazz, swing","piano, doublebass","vocal, love, cinematic, voice",28697,783701,1082,703,0,0,10.0
1608034,Fashion Hip-Hop Background,133,498010,Bulbasound,394553,Fashion Hip-Hop Background,2019-01-02,,instrumental,,,medium,hiphop,"saxophone, drums","fashion, upbeat, lounge",27003,550943,602,414,0,0,7.5
161536,Afterwork,248,339312,Reno Project,23661,1.0,2008-04-22,,instrumental,neutral,electric,medium,"jazz, electronic, chillout","flute, electricpiano","happy, lounge, peaceful",29849,749246,797,391,7,1,8.25
161537,Atlanta,286,339312,Reno Project,23661,1.0,2008-04-22,,instrumental,neutral,electric,medium,jazz,"trumpet, electricpiano",,22703,458660,769,373,7,0,8.0
161538,Constellation,345,339312,Reno Project,23661,1.0,2008-04-22,,instrumental,neutral,electric,medium,jazz,"saxophone, electricpiano",peaceful,16137,575851,799,383,4,0,8.0
162032,The Bottom,156,7872,Josh Woodward,23755,The Simple Life,2008-04-23,en,vocal,male,electric,high,"pop, electronic, experimental","electricpiano, bass","acoustic, energetic, vocal, voice, parody",20119,117648,1581,870,6,0,9.25
1648001,早くお金を返せ,184,511213,Konstentyn,184510,早くお金を返せ,2019-04-26,,instrumental,,,medium,"chillout, electronic, chillhop","flute, wind","lounge, upbeat",8487,307728,257,175,0,0,8.0
165081,Sun Tour,267,4590,Mike Link/Harvey Taylor,24185,Beat Elementals,2008-05-01,,instrumental,neutral,electric,medium,acidjazz,trumpet,groovy,20877,780333,442,187,11,0,8.0
1657984,Do you miss me,194,518821,Midnight Préfou,185390,Bubulle is dead,2019-06-05,en,vocal,female,,medium,"indie, folk","ukulele, guitar","summer, vocal, voice",53521,275787,798,534,0,0,10.0
1658149,Show Me,300,504167,AIRE,225132,Show Me,2019-06-05,en,vocal,male,,,"rock, postrock","electricguitar, euphonium","melancholic, energetic, vocal, voice",55731,297025,1172,837,0,0,10.0
166340,Jazzin Particles,293,8004,Fortadelis,24399,Convergence,2008-05-04,,instrumental,,electric,medium,"jazz, funk, chillout","electricguitar, electricpiano",,9199,234441,377,223,2,0,8.0
1666163,stuck on you t1,176,519562,Emmanuel1,225324,stuck on you t1,2019-07-01,en,,,,medium,"electropop, pop",bongo,"emotional, upbeat",79551,934230,1188,828,0,0,10.0
1667044,Breathe,166,519692,George Capon,240556,Breathe,2019-09-18,en,vocal,male,,medium,"pop, poprock","bass, acousticguitar","energetic, emotional, vocal, voice",42157,958053,985,668,0,0,10.0
168951,Silent Tears,380,339574,Roger Subirana Mata,24858,Point of no return,2008-05-13,,instrumental,neutral,electric,medium,"filmscore, newage, experimental","violin, drums","epic, action, bandasonora",51514,144806,2845,1685,25,0,0.0
175423,Aquarius,284,4812,SaReGaMa,26005,NewAge,2008-06-01,,instrumental,neutral,electric,medium,"world, ambient, newage","marimba, handpan","peaceful, ethno, neutral",19191,296291,627,255,5,0,6.5
1758797,So Crazy,170,529269,D.B. Ricapito,242177,So Crazy,2020-04-28,,vocal,male,,medium,"pop, singersongwriter, chillhop","acousticguitar, drums","emotional, vocal, voice",42129,999020,1419,898,0,0,6.0
1770096,Paradise,248,508143,Songwriterz,392456,Paradise,2020-06-07,en,vocal,female,,medium,"pop, latin","synthesizer, acousticguitar","happy, love, summer, voice",24219,492318,436,277,0,0,9.0
17959,City Lights at Night,270,2278,Revolution Void,2534,Thread Soul,2006-08-14,,instrumental,neutral,electric,medium,"hiphop, electronic","electricbass, electroamplified","groovy, energetic, scratching",16142,64404,1621,1061,0,0,8.0
1800901,Adi Rambo - Acelera,174,487833,Adi Rambo,400152,Adi Rambo - Acelera,2020-10-19,es,vocal,female,,high,"latin, tropicalhouse, electronic","marimba, percussion","summer, energetic, vocal, voice",11693,204997,196,134,0,0,9.0
1833213,Veronika Kosh - River  in the sky (Original),224,535903,Veronica,285589,Veronika Kosh - River  in the sky (Original),2021-02-10,en,vocal,female,,high,"progressivehouse, electronic",melodica,"vocal, energetic, abstract, voice",11657,186217,93,63,0,0,8.0
1834483,Erick Fill &amp; Alwaro - You'll Be Fine ft. Crushboys (Original Mix),208,503091,erickfill,332699,Erick Fill &amp; Alwaro - You'll Be Fine ft. Crushboys (Original,2021-02-15,en,vocal,male,,medium,"electropop, synthpop","saxophone, bass","80s, nostalgic, vocal, voice",90221,758611,852,634,0,0,10.0
1834866,Golden,207,371777,Neon NiteClub,269111,Golden,2021-02-16,en,vocal,male,,medium,"electropop, pop","vocoder, synthesizer","love, fun, vocal, voice",21401,294047,234,164,0,0,9.0
1846022,Sax Is My Cardio,207,484482,Kuzinmuzin,372674,Sax Is My Cardio,2021-03-31,en,vocal,male,electric,high,"electrofunk, pop","saxophone, electricguitar","happy, contemporary, acoustic, voice",11047,406826,126,81,0,0,8.0
1858689,Gimme Love Feat Eric Maseko,171,531163,D JAY KOI,290197,Gimme Love Feat Eric Maseko,2021-05-19,en,vocal,male,electric,medium,"electrofunk, funk, soul","electricguitar, organ","groovy, acoustic, vocal, voice",16224,227506,101,70,0,0,9.0
1870094,Confession,147,540036,Quesabe,448067,CONFESSION_MASTER,2021-07-08,fr,vocal,male,,,"rnb, hiphop","harp, strings","urban, peaceful, vocal, voice",74700,500978,612,439,0,0,10.0
1876747,"YO QUIERO BEBER - Pueto pa lo mio records Presenta - Marshall Aquicci ft AllGenius - (Musica urbana, latin, latin urban, bass)",192,480445,PUETO PA LO MIO RECORDS,451723,YO QUIERO BEBER - Pueto pa lo mio records Presenta - Marshall Aq,2021-08-14,es,vocal,male,,medium,latin,acousticbass,"vocal, energetic, voice",161033,324341,175,120,0,0,8.0
1882761,No Rest Or Endless Rest,273,529425,Lisofv,453562,Gateway To The Real World,2021-09-13,,vocal,,,medium,"downtempo, 8bit, filmscore","electricpiano, drums","peaceful, abstract, vocal, voice",176647,1393350,1307,930,0,0,8.0
1885367,the plan - stoneface priest,240,493159,stonefacepriest,454820,the plan original version wav.,2021-09-15,en,vocal,male,,high,reggae,"hammond, drums","happy, caribbean, vocal, voice",33272,357809,249,156,0,0,9.0
1955723,One Day,154,489770,I. D. F. X.,487547,Guilty,2022-07-01,en,vocal,male,,high,"alternativepop, pop","harmonica, acousticguitar","happy, celebration, vocal, voice",84032,1050665,309,188,0,0,8.0
204688,Solo Flute-2,180,4812,SaReGaMa,30413,Ocean of an Old Man OST,2008-08-22,,instrumental,neutral,electric,medium,"ambient, world","flute, ney","meditative, travel",20196,253607,665,337,2,0,8.4
205088,dla niej,125,341278,Tymono,30449,From My Soul,2008-08-23,,instrumental,neutral,electric,medium,"chillout, electronic","electroamplified, flute",,10004,397158,178,81,4,1,7.3333
205093,sunshine cafe,135,341278,Tymono,30449,From My Soul,2008-08-23,,instrumental,neutral,electric,medium,"downtempo, electronic, jazz","electroamplified, sampler",,21708,668809,159,72,7,0,6.0
2082,GoodMood,171,314,Manuzik,327,Nouvelles Shortstories,2005-07-20,,instrumental,neutral,electric,medium,"jazzfusion, drumnbass, nujazz","flute, trumpet","soft, peaceful, travel, neutral",17070,423696,651,432,4,0,7.0
2166,The blue star,242,326,Greg Baumont,347,Wood,2005-07-26,en,instrumental,male,electric,medium,electropop,vocoder,soft,43469,849817,3474,2488,27,6,5.3333
224737,Es El Cristo(version salsa),296,342447,Son By Four,33280,Aqui Esta El Cordero,2008-10-18,es,vocal,male,acoustic,medium,"salsa, latin, christian","saxophone, brass","happy, acoustic, vocal, voice",89372,689869,165,76,4,3,8.0
23559,City Flight,348,2986,Zeropage,3263,Ambient Pills Update,2006-11-02,,instrumental,neutral,electric,medium,"electronic, trance","synthesizer, drummachine",,14174,155872,989,712,13,0,7.3333
242384,Painted Dream,272,343767,John Dada &amp; the Weathermen,35540,The Green Waltz,2008-11-26,en,vocal,male,,medium,"pop, folk, singersongwriter","piano, violin","ballad, emotional, melancholic, voice",77917,1474794,2367,903,23,2,7.25
246502,Brake,237,4931,Ades Vapor,35657,Get High EP (Re-Edit),2008-11-28,en,vocal,male,electric,medium,"dance, electronic, house","computer, electroamplified","acoustic, vocal, groovy, voice",46373,743703,391,200,32,9,7.25
292666,Rocket Into Outer Space,219,347909,Anton Leuba,40385,Under Construction,2009-02-17,en,vocal,male,electric,medium,"pop, dance, electronic","synthesizer, vocoder","acoustic, vocal, travel, voice",10774,242012,168,49,8,0,7.0
29865,Drop of whisper (2005),189,2020,Antony Raijekov,3777,Jazz U,2007-01-04,,vocal,female,electric,medium,"triphop, electronic","sitar, strings","abstract, introspective, acoustic, voice",17760,626991,1626,1026,7,0,8.0
364088,The Ugly Army,179,7063,Fresh Body Shop,47072,The Ugly Army,2009-06-11,en,vocal,male,electric,medium,"rock, pop, indie","slideguitar, synthesizer","acoustic, vocal, commercial, voice",42128,688574,662,352,4,0,6.6667
36982,Bliss ( 7 Tines Kalimba),135,4812,SaReGaMa,4527,Spirit of Kalimba,2007-02-27,,instrumental,neutral,acoustic,medium,"ambient, world, african","percussion, kalimba","nature, travel, energetic, neutral",34466,251634,620,316,9,0,8.0
381092,Ils marchent,231,348047,Soul Connexion,48465,Perspectives,2009-07-09,fr,vocal,male,electric,medium,"hiphop, rap","piano, sampler","acoustic, vocal, voice, engage",259573,15160551,60,32,0,0,0.0
395291,Looking for a way out,349,337503,Paolo Pavan,49558,Looking for a Way Out,2009-07-30,,instrumental,neutral,electric,medium,jazz,"piano, trumpet",soft,21547,907226,830,402,6,0,8.25
415208,La Olla Express,146,353090,LA OLLA EXPRESS,51155,PANIC,2009-08-29,es,vocal,,,medium,"reggae, ska, rock","trumpet, electricguitar","happy, comedy, education, voice",27897,534982,1110,679,5,0,8.0
435883,I dont need you,189,354307,14ice_music,,,2009-10-14,,vocal,female,,,jazz,"brass, wind",,230378,1563986,782,372,20,0,8.5
454968,Mother Earth,176,341323,SONIC MYSTERY,54420,LIGHT IN THE DARK,2009-10-27,,instrumental,neutral,electric,medium,"ambient, newage, chillout","synthesizer, harp","nature, peaceful, meditative",13952,304335,345,167,3,0,8.0
454989,In and Out,177,341323,SONIC MYSTERY,54420,LIGHT IN THE DARK,2009-10-27,,instrumental,neutral,electric,medium,jazzfunk,"guitar, electricpiano","groovy, lounge, commercial, neutral",19743,934107,297,143,7,0,8.0
457120,Sofa,248,345952,Dazie Mae,54604,Velvet Dress & Stockings,2009-10-30,en,vocal,female,electric,medium,"jazz, bossanova","piano, trombone","emotional, acoustic, vocal, jazzguitar, voice",37792,1114472,1097,524,21,0,7.6
457515,4 Pat,333,7362,Nationale2,54663,House 4 N2,2009-11-01,,instrumental,neutral,electric,medium,"dance, electronic, house",sampler,"energetic, entrainant",17302,1108128,239,125,5,4,8.0
5339,Cellule,220,245,Silence,830,L'autre endroit,2006-01-09,,instrumental,neutral,electric,medium,alternativerock,"electricguitar, drummachine","adventure, travel",408193,1007228,7231,5045,53,3,6.6
5340,Réalité,231,245,Silence,830,L'autre endroit,2006-01-09,,instrumental,neutral,electric,medium,electronic,"cello, strings","introspective, mystery",537726,1322556,7047,5106,31,2,6.25
5346,Larmes,202,245,Silence,830,L'autre endroit,2006-01-09,,vocal,neutral,electric,medium,experimental,"drummachine, electroamplified","sad, documentary, acoustic, voice",73260,290826,6556,4965,18,0,8.0
537118,No Lo Comprendo,282,358187,Sundayers,62611,Cógelo!,2010-03-05,es,vocal,male,electric,medium,reggae,"trumpet, wind","acoustic, vocal, voice",8439,165082,381,222,0,0,9.0
56453,Salamandre (sunlikamelo-d),207,4056,Mister Electric Demon,6197,85 dollars (compilation 1998-2006),2007-06-21,,instrumental,neutral,electric,medium,"electronic, triphop","synthesizer, computer",,8621,352412,313,190,1,1,4.0
628971,Learn to Fly (Instrumental Version),204,354648,Josh Woodward (Instrumental Versions),72864,Here Today (Instrumental Version),2010-08-09,,instrumental,neutral,acoustic,medium,folk,"strings, percussion","happy, acoustic, instrumental, neutral",46019,226037,404,203,17,0,6.0
640123,Coral Reef,303,362636,Psychadelik Pedestrian,74136,Return of Chillout E.P.,2010-08-27,,instrumental,neutral,electric,medium,"ambient, chillout","synthesizer, conga","peaceful, uplifting",12285,335573,270,169,20,1,8.3333
659892,Lost Hope,130,359034,Anitek,76553,Anitek Instrumentals Vol. 6,2010-10-02,,instrumental,neutral,electric,medium,"hiphop, triphop, experimental","wind, electroamplified",dark,7205,337983,207,112,1,0,8.0
709644,Kiss me on 7 by It-Alien,255,365833,Jazz Friends,82896,Jazz Friends 2011,2011-01-06,,instrumental,,,medium,jazz,"drums, electricpiano",happyhour,38862,188825,315,143,1,0,8.0
710584,Funktional,325,8004,Fortadelis,82984,FUNKTIONAL,2011-01-07,,instrumental,neutral,electric,medium,"funk, jazz, chillout",hammond,"lounge, neutral",11766,294134,232,127,3,0,8.0
710586,Mind Expansion,337,8004,Fortadelis,82984,FUNKTIONAL,2011-01-07,,instrumental,neutral,electric,medium,"jazz, chillout, ambient","piano, hammond","lounge, sad",5574,261632,196,109,5,0,8.0
716982,Sunday Is Over,133,366099,Victoria Caffè,83642,Busy Days,2011-01-18,,instrumental,neutral,acoustic,medium,folk,"acousticguitar, shaker","peaceful, acoustic, instrumental",24926,435726,523,282,21,3,9.0
756849,In Love with Nature,104,367881,Neomusic,88524,The Energy Of Silence,2011-04-01,,instrumental,neutral,electric,medium,ambient,"synthesizer, electricpiano","peaceful, neutral",22571,234467,289,177,3,0,8.0
756852,Ocean Beach,208,367881,Neomusic,88524,The Energy Of Silence,2011-04-01,,instrumental,neutral,electric,medium,ambient,"synthesizer, tamtam",neutral,15515,226913,237,139,5,0,7.0
768443,Mr. Monster Man,151,359034,Anitek,90022,Anitek Instrumentals Vol. 8,2011-04-26,,instrumental,neutral,electric,medium,"hiphop, jazz","flute, bongo",happy,55797,706967,363,181,1,0,7.6667
769140,c'est nouveau,213,368426,nadi,90132,ballades en balade,2011-04-27,,vocal,female,electric,medium,jazz,"saxophone, guitar","happy, acoustic, vocal, voice, neutral",7515,332793,114,57,2,0,8.0
802181,Tale Of The Elegance,224,359034,Anitek,93869,The Substance Affair,2011-06-28,,instrumental,neutral,electric,medium,"chillout, triphop, experimental","synthesizer, bongo",lounge,17833,1516566,178,82,5,1,8.0
8559,Silk Road,247,1301,Manu Cornet,1290,Distance & Temps,2006-02-25,,instrumental,neutral,electric,medium,"latin, flamenco, jazz","classicalguitar, guitar",peaceful,27970,1311459,1046,672,16,1,7.0
867666,Late as usual,216,351968,The Freak Fandango Orchestra,101727,Tales Of A Dead Fish,2011-11-09,,instrumental,neutral,electric,high,"folk, world, rock","wind, drums",happy,13219,246211,397,223,6,0,8.0
897105,Adult Only & SaReGaMa - Afterzone,425,4812,SaReGaMa,105547,Adult Only & SaReGaMa - AFTERZONE,2012-01-23,,instrumental,neutral,electric,medium,"world, electronica, chillout",duduk,"travel, peaceful, neutral",40651,1520917,466,284,10,0,8.6667
904590,Oasis,267,340354,Instrumental Avenue,106545,Hypervirtua,2012-02-12,,instrumental,neutral,electric,medium,"downtempo, electronic, filmscore","synthesizer, panflute","peaceful, happy, film",16423,234540,325,206,8,0,8.0
924963,Herbstsommer   ,298,419285,Christian Zell,109449,Malibu,2012-04-16,,instrumental,neutral,electric,medium,"ambient, filmscore","guitar, bass",sad,10743,292997,165,97,1,0,7.6667
933733,Cheerful Lighthearted Pop-Rock,145,375935,Akashic Records,109570,Cheerful Lighthearted Pop-Rock,2012-04-26,,instrumental,neutral,,medium,corporate,"piano, glockenspiel","commercial, happy, neutral",217467,844045,2710,1167,50,2,8.8571
938335,Learn From Me,273,355753,Jonathan Dimmel,110159,The Worst and Best,2012-05-14,en,vocal,male,,medium,"pop, rock","electricguitar, classicalguitar","vocal, soft, emotional, voice, neutral, folky",139952,2449046,253,153,3,0,7.6667
938389,Elegant Background Music,180,375935,Akashic Records,110170,Perfect Background Music for Corporate Projects,2012-05-15,,instrumental,neutral,electric,medium,filmscore,"piano, cello","film, emotional, commercial, neutral",83675,391784,1369,579,32,2,7.8
947856,Ground Cayenne,444,422278,The Good Lawdz,111378,A Lil Somethin' Somethin',2012-06-26,,instrumental,neutral,electric,medium,jazz,"electricorgan, electroamplified",,19149,645135,231,114,4,0,8.0
952689,Straight to the Blue,144,341323,SONIC MYSTERY,112011,ENJOYING LIFE,2012-07-20,,instrumental,,,medium,"chillout, electronic, downtempo","electricpiano, percussion","peaceful, lounge, meditative",8698,626822,153,84,1,0,8.4
962061,Les saisons,247,424916,Law',113423,Sans gêne ni oxygène,2012-09-10,fr,vocal,female,electric,medium,"jazz, pop, electropop","drums, electroamplified","acoustic, vocal, voice, bluesjazz",11908,435305,313,182,1,0,9.0
967930,Enjoy Your Life (joyful and carefree tune),285,375935,Akashic Records,113862,Enjoy Your Life,2012-09-24,,instrumental,neutral,,medium,"pop, folk, poprock",ukulele,"happy, commercial, neutral",177856,645908,2262,997,35,1,7.0
1882821,Tantalizing Youth,252,338440,Social Square,453609,Songs vs. Life,2021-09-30,en,vocal,male,,,"indierock, rock","guitar, drums","contemporary, upbeat, vocal, voice",53601,719005,557,386,0,0,10.0
5793,I Do,207,125,Rob Costlow,889,Sophomore Jinx,2005-12-27,,instrumental,neutral,electric,medium,contemporarypiano,"piano, strings","sad, mystery",32749,133998,3512,2274,20,1,8.0
1121398,Seven Billion People and You,233,443553,Marco Margna,134004,Marco Margna Music Library 1,2014-04-23,en,vocal,male,electric,medium,"pop, rnb, dance",synthesizer,"acoustic, vocal, dreamy, voice, neutral, filmsoundtrack",24553,368454,62,30,0,0,8.0
1319497,Spread Your Wings,189,487532,Niki J Crawford,156458,The Genesis Block EP,2016-02-18,en,vocal,female,,medium,"rnb, pop, funk",,"vocal, retro, groovy, voice",58155,454549,634,383,0,0,8.3333
1565058,"Fire, Fire",234,509448,The Devil Music Co.,258940,"Fire, Fire",2018-08-01,,,,,medium,"pop, alternativerock","electricguitar, drums","motivational, atmospheric, aggressive",174675,663075,3169,2157,0,0,6.0
5795,Lost or Found,258,125,Rob Costlow,889,Sophomore Jinx,2005-12-27,,instrumental,neutral,electric,medium,"contemporarypiano, newage","piano, strings","film, emotional, sad",17852,24560,3216,2225,5,0,10.0
30060,Fixing My Brain,239,1333,Brad Sucks,3798,I Don't Know What I'm Doing,2007-01-05,,vocal,male,,medium,rock,,"vocal, voice",37861,169263,4101,2758,12,0,10.0
8561,Distance,248,1301,Manu Cornet,1290,Distance & Temps,2006-02-25,,instrumental,neutral,electric,medium,latinjazz,"strings, guitar","lounge, peaceful",12577,1268385,955,644,5,0,7.0
1165391,Nomad,405,358362,The Mind Orchestra,140112,Devoured by the Comfort Zone,2014-11-08,en,vocal,female,electric,medium,"world, rock, folk","drums, percussion","acoustic, energetic, vocal, voice, neutral, journey",128788,1103758,571,299,41,4,9.0
1056175,Cheat On Each Other,188,360584,Whalers,124526,Paddle Easy,2013-08-15,,vocal,male,,high,"rock, surfrock, indie","electricguitar, drums","vocal, voice",14072,220851,381,217,8,1,8.6667
215754,Learn to Fly,206,7872,Josh Woodward,32625,Here Today,2008-10-09,en,vocal,male,electric,medium,"folk, singersongwriter, pop",,"happy, uplifting, acoustic, voice",45889,1046980,853,455,6,0,7.6
1133998,These Nights,214,444576,Modern Pitch,136061,These Nights,2014-06-28,en,vocal,male,electric,medium,"rock, indie, britpop","electricguitar, drums","happy, uplifting, acoustic, voice, british",141138,2262604,1171,654,48,2,8.3333
35349,do it over,184,4927,amélie,4301,be low,2007-02-12,en,vocal,male,electric,medium,"pop, rock",,"acoustic, vocal, voice",107347,1070584,2220,828,9,1,7.25
15664,Headphonetic,396,2278,Revolution Void,2225,Increase the Dosage,2006-06-20,,instrumental,neutral,electric,medium,"ambient, electronic, downtempo",saxophone,"psychedelic, soft, peaceful",51787,572962,4197,3158,5,1,8.6667
537123,¿Quién Debe a Quién?,249,358187,Sundayers,62611,Cógelo!,2010-03-05,es,vocal,female,electric,medium,"reggae, rock",,"acoustic, vocal, voice",10814,160642,393,232,0,0,9.0
1159406,Spark,224,444388,Final Round,139192,It Ends with Us Both Right Here EP,2014-10-10,,vocal,male,,veryhigh,"rock, poppunk","electricguitar, drums","energetic, vocal, fast, voice",130469,335578,617,338,53,4,8.6667
744750,You Are You,173,367351,Fall Walk Run,87031,Throwing It All Away,2011-03-10,,vocal,male,,medium,,,,115131,583524,308,149,14,0,8.6667
